{
    "model_name": "gru",
    "dataset_version": "v1",
    "avg_f1_macro": 0.7548704841331523,
    "evaluation_time_seconds": 23.01,
    "aspect_results": {
        "description": {
            "metrics": {
                "accuracy": 0.8775510204081632,
                "precision_macro": 0.8361060745303561,
                "recall_macro": 0.7808997424509276,
                "f1_macro": 0.805146981104898
            },
            "confusion_matrix": [
                [
                    51,
                    27,
                    4
                ],
                [
                    12,
                    735,
                    40
                ],
                [
                    2,
                    53,
                    203
                ]
            ],
            "classification_report": {
                "negative": {
                    "precision": 0.7846153846153846,
                    "recall": 0.6219512195121951,
                    "f1-score": 0.6938775510204082,
                    "support": 82.0
                },
                "neutral": {
                    "precision": 0.901840490797546,
                    "recall": 0.9339263024142312,
                    "f1-score": 0.9176029962546817,
                    "support": 787.0
                },
                "positive": {
                    "precision": 0.8218623481781376,
                    "recall": 0.7868217054263565,
                    "f1-score": 0.803960396039604,
                    "support": 258.0
                },
                "accuracy": 0.8775510204081632,
                "macro avg": {
                    "precision": 0.8361060745303561,
                    "recall": 0.7808997424509276,
                    "f1-score": 0.805146981104898,
                    "support": 1127.0
                },
                "weighted avg": {
                    "precision": 0.8750021416380566,
                    "recall": 0.8775510204081632,
                    "f1-score": 0.875309050057077,
                    "support": 1127.0
                }
            }
        },
        "quality": {
            "metrics": {
                "accuracy": 0.8686779059449867,
                "precision_macro": 0.8129166540346623,
                "recall_macro": 0.807906669014446,
                "f1_macro": 0.8097155167267536
            },
            "confusion_matrix": [
                [
                    192,
                    13,
                    30
                ],
                [
                    27,
                    107,
                    23
                ],
                [
                    31,
                    24,
                    680
                ]
            ],
            "classification_report": {
                "negative": {
                    "precision": 0.768,
                    "recall": 0.8170212765957446,
                    "f1-score": 0.7917525773195876,
                    "support": 235.0
                },
                "neutral": {
                    "precision": 0.7430555555555556,
                    "recall": 0.6815286624203821,
                    "f1-score": 0.7109634551495017,
                    "support": 157.0
                },
                "positive": {
                    "precision": 0.927694406548431,
                    "recall": 0.9251700680272109,
                    "f1-score": 0.9264305177111717,
                    "support": 735.0
                },
                "accuracy": 0.8686779059449867,
                "macro avg": {
                    "precision": 0.8129166540346623,
                    "recall": 0.807906669014446,
                    "f1-score": 0.8097155167267536,
                    "support": 1127.0
                },
                "weighted avg": {
                    "precision": 0.8686735679106646,
                    "recall": 0.8686779059449867,
                    "f1-score": 0.8683314539896061,
                    "support": 1127.0
                }
            }
        },
        "packaging": {
            "metrics": {
                "accuracy": 0.9148181011535049,
                "precision_macro": 0.7471671754026169,
                "recall_macro": 0.6869078737838992,
                "f1_macro": 0.7102004159576479
            },
            "confusion_matrix": [
                [
                    7,
                    16,
                    3
                ],
                [
                    6,
                    815,
                    29
                ],
                [
                    3,
                    39,
                    209
                ]
            ],
            "classification_report": {
                "negative": {
                    "precision": 0.4375,
                    "recall": 0.2692307692307692,
                    "f1-score": 0.3333333333333333,
                    "support": 26.0
                },
                "neutral": {
                    "precision": 0.9367816091954023,
                    "recall": 0.9588235294117647,
                    "f1-score": 0.9476744186046512,
                    "support": 850.0
                },
                "positive": {
                    "precision": 0.8672199170124482,
                    "recall": 0.8326693227091634,
                    "f1-score": 0.8495934959349594,
                    "support": 251.0
                },
                "accuracy": 0.9148181011535049,
                "macro avg": {
                    "precision": 0.7471671754026169,
                    "recall": 0.6869078737838992,
                    "f1-score": 0.7102004159576479,
                    "support": 1127.0
                },
                "weighted avg": {
                    "precision": 0.9097706894287634,
                    "recall": 0.9148181011535049,
                    "f1-score": 0.9116574001422314,
                    "support": 1127.0
                }
            }
        },
        "delivery": {
            "metrics": {
                "accuracy": 0.8979591836734694,
                "precision_macro": 0.7538665614888161,
                "recall_macro": 0.775582283653419,
                "f1_macro": 0.7640869418045783
            },
            "confusion_matrix": [
                [
                    18,
                    11,
                    6
                ],
                [
                    18,
                    686,
                    44
                ],
                [
                    3,
                    33,
                    308
                ]
            ],
            "classification_report": {
                "negative": {
                    "precision": 0.46153846153846156,
                    "recall": 0.5142857142857142,
                    "f1-score": 0.4864864864864865,
                    "support": 35.0
                },
                "neutral": {
                    "precision": 0.9397260273972603,
                    "recall": 0.9171122994652406,
                    "f1-score": 0.9282814614343707,
                    "support": 748.0
                },
                "positive": {
                    "precision": 0.8603351955307262,
                    "recall": 0.8953488372093024,
                    "f1-score": 0.8774928774928775,
                    "support": 344.0
                },
                "accuracy": 0.8979591836734694,
                "macro avg": {
                    "precision": 0.7538665614888161,
                    "recall": 0.775582283653419,
                    "f1-score": 0.7640869418045783,
                    "support": 1127.0
                },
                "weighted avg": {
                    "precision": 0.9006426103900326,
                    "recall": 0.8979591836734694,
                    "f1-score": 0.899058660192978,
                    "support": 1127.0
                }
            }
        },