{
    "model_name": "phobert",
    "dataset_version": "v1",
    "avg_f1_macro": 0.8364049901789349,
    "evaluation_time_seconds": 464.17,
    "aspect_results": {
        "description": {
            "metrics": {
                "accuracy": 0.8908606921029282,
                "precision_macro": 0.8512959667119758,
                "recall_macro": 0.814144842343787,
                "f1_macro": 0.8308554685458341
            },
            "confusion_matrix": [
                [
                    56,
                    21,
                    5
                ],
                [
                    11,
                    735,
                    41
                ],
                [
                    2,
                    43,
                    213
                ]
            ],
            "classification_report": {
                "negative": {
                    "precision": 0.8115942028985508,
                    "recall": 0.6829268292682927,
                    "f1-score": 0.7417218543046358,
                    "support": 82.0
                },
                "neutral": {
                    "precision": 0.9198998748435544,
                    "recall": 0.9339263024142312,
                    "f1-score": 0.926860025220681,
                    "support": 787.0
                },
                "positive": {
                    "precision": 0.8223938223938224,
                    "recall": 0.8255813953488372,
                    "f1-score": 0.8239845261121856,
                    "support": 258.0
                },
                "accuracy": 0.8908606921029282,
                "macro avg": {
                    "precision": 0.8512959667119758,
                    "recall": 0.814144842343787,
                    "f1-score": 0.8308554685458341,
                    "support": 1127.0
                },
                "weighted avg": {
                    "precision": 0.889697899127919,
                    "recall": 0.8908606921029282,
                    "f1-score": 0.8898385444885536,
                    "support": 1127.0
                }
            }
        },
        "quality": {
            "metrics": {
                "accuracy": 0.9174800354924578,
                "precision_macro": 0.8722081080494214,
                "recall_macro": 0.8872866217454142,
                "f1_macro": 0.879023714458938
            },
            "confusion_matrix": [
                [
                    219,
                    8,
                    8
                ],
                [
                    18,
                    124,
                    15
                ],
                [
                    21,
                    23,
                    691
                ]
            ],
            "classification_report": {
                "negative": {
                    "precision": 0.8488372093023255,
                    "recall": 0.9319148936170213,
                    "f1-score": 0.8884381338742393,
                    "support": 235.0
                },
                "neutral": {
                    "precision": 0.8,
                    "recall": 0.7898089171974523,
                    "f1-score": 0.7948717948717948,
                    "support": 157.0
                },
                "positive": {
                    "precision": 0.9677871148459384,
                    "recall": 0.9401360544217687,
                    "f1-score": 0.9537612146307799,
                    "support": 735.0
                },
                "accuracy": 0.9174800354924578,
                "macro avg": {
                    "precision": 0.8722081080494214,
                    "recall": 0.8872866217454142,
                    "f1-score": 0.879023714458938,
                    "support": 1127.0
                },
                "weighted avg": {
                    "precision": 0.9196098257300899,
                    "recall": 0.9174800354924578,
                    "f1-score": 0.9180056131401431,
                    "support": 1127.0
                }
            }
        },
        "packaging": {
            "metrics": {
                "accuracy": 0.9370008873114463,
                "precision_macro": 0.8538630241190176,
                "recall_macro": 0.7843840324974612,
                "f1_macro": 0.8123809129084627
            },
            "confusion_matrix": [
                [
                    13,
                    11,
                    2
                ],
                [
                    2,
                    820,
                    28
                ],
                [
                    3,
                    25,
                    223
                ]
            ],
            "classification_report": {
                "negative": {
                    "precision": 0.7222222222222222,
                    "recall": 0.5,
                    "f1-score": 0.5909090909090909,
                    "support": 26.0
                },
                "neutral": {
                    "precision": 0.9579439252336449,
                    "recall": 0.9647058823529412,
                    "f1-score": 0.9613130128956624,
                    "support": 850.0
                },
                "positive": {
                    "precision": 0.8814229249011858,
                    "recall": 0.8884462151394422,
                    "f1-score": 0.8849206349206349,
                    "support": 251.0
                },
                "accuracy": 0.9370008873114463,
                "macro avg": {
                    "precision": 0.8538630241190176,
                    "recall": 0.7843840324974612,
                    "f1-score": 0.8123809129084627,
                    "support": 1127.0
                },
                "weighted avg": {
                    "precision": 0.9354634147085835,
                    "recall": 0.9370008873114463,
                    "f1-score": 0.9357540165838765,
                    "support": 1127.0
                }
            }
        },
        "delivery": {
            "metrics": {
                "accuracy": 0.9245785270629991,
                "precision_macro": 0.8201206844352574,
                "recall_macro": 0.8748417337336626,
                "f1_macro": 0.8438715452481804
            },
            "confusion_matrix": [
                [
                    27,
                    7,
                    1
                ],
                [
                    18,
                    699,
                    31
                ],
                [
                    0,
                    28,
                    316
                ]
            ],
            "classification_report": {
                "negative": {
                    "precision": 0.6,
                    "recall": 0.7714285714285715,
                    "f1-score": 0.675,
                    "support": 35.0
                },
                "neutral": {
                    "precision": 0.952316076294278,
                    "recall": 0.9344919786096256,
                    "f1-score": 0.9433198380566802,
                    "support": 748.0
                },
                "positive": {
                    "precision": 0.9080459770114943,
                    "recall": 0.9186046511627907,
                    "f1-score": 0.9132947976878613,
                    "support": 344.0
                },
                "accuracy": 0.9245785270629991,
                "macro avg": {
                    "precision": 0.8201206844352574,
                    "recall": 0.8748417337336626,
                    "f1-score": 0.8438715452481804,
                    "support": 1127.0
                },
                "weighted avg": {
                    "precision": 0.9278617933984685,
                    "recall": 0.9245785270629991,
                    "f1-score": 0.925822226504899,
                    "support": 1127.0
                }
            }
        },