{
    "model_name": "random_forest",
    "dataset_version": "v2",
    "avg_f1_macro": 0.72084652002104,
    "evaluation_time_seconds": 10.7,
    "aspect_results": {
        "description": {
            "metrics": {
                "accuracy": 0.831410825199645,
                "precision_macro": 0.7705916337994795,
                "recall_macro": 0.7718389156129849,
                "f1_macro": 0.768901285185074
            },
            "confusion_matrix": [
                [
                    55,
                    23,
                    4
                ],
                [
                    16,
                    689,
                    93
                ],
                [
                    3,
                    51,
                    193
                ]
            ],
            "classification_report": {
                "negative": {
                    "precision": 0.7432432432432432,
                    "recall": 0.6707317073170732,
                    "f1-score": 0.7051282051282052,
                    "support": 82.0
                },
                "neutral": {
                    "precision": 0.9030144167758847,
                    "recall": 0.8634085213032582,
                    "f1-score": 0.8827674567584881,
                    "support": 798.0
                },
                "positive": {
                    "precision": 0.6655172413793103,
                    "recall": 0.7813765182186235,
                    "f1-score": 0.7188081936685289,
                    "support": 247.0
                },
                "accuracy": 0.831410825199645,
                "macro avg": {
                    "precision": 0.7705916337994795,
                    "recall": 0.7718389156129849,
                    "f1-score": 0.768901285185074,
                    "support": 1127.0
                },
                "weighted avg": {
                    "precision": 0.8393382512456004,
                    "recall": 0.831410825199645,
                    "f1-score": 0.8339082228481924,
                    "support": 1127.0
                }
            }
        },
        "quality": {
            "metrics": {
                "accuracy": 0.8003549245785271,
                "precision_macro": 0.7301153874489801,
                "recall_macro": 0.7652944722192675,
                "f1_macro": 0.743287269757864
            },
            "confusion_matrix": [
                [
                    218,
                    10,
                    27
                ],
                [
                    32,
                    98,
                    28
                ],
                [
                    73,
                    55,
                    586
                ]
            ],
            "classification_report": {
                "negative": {
                    "precision": 0.6749226006191951,
                    "recall": 0.8549019607843137,
                    "f1-score": 0.754325259515571,
                    "support": 255.0
                },
                "neutral": {
                    "precision": 0.6012269938650306,
                    "recall": 0.620253164556962,
                    "f1-score": 0.6105919003115264,
                    "support": 158.0
                },
                "positive": {
                    "precision": 0.9141965678627145,
                    "recall": 0.8207282913165266,
                    "f1-score": 0.8649446494464945,
                    "support": 714.0
                },
                "accuracy": 0.8003549245785271,
                "macro avg": {
                    "precision": 0.7301153874489801,
                    "recall": 0.7652944722192675,
                    "f1-score": 0.743287269757864,
                    "support": 1127.0
                },
                "weighted avg": {
                    "precision": 0.8161805480413024,
                    "recall": 0.8003549245785271,
                    "f1-score": 0.8042563807723947,
                    "support": 1127.0
                }
            }
        },
        "packaging": {
            "metrics": {
                "accuracy": 0.8970718722271517,
                "precision_macro": 0.7892103294150078,
                "recall_macro": 0.6399450396373122,
                "f1_macro": 0.6775805851110351
            },
            "confusion_matrix": [
                [
                    5,
                    16,
                    4
                ],
                [
                    2,
                    818,
                    36
                ],
                [
                    1,
                    57,
                    188
                ]
            ],
            "classification_report": {
                "negative": {
                    "precision": 0.625,
                    "recall": 0.2,
                    "f1-score": 0.30303030303030304,
                    "support": 25.0
                },
                "neutral": {
                    "precision": 0.9180695847362514,
                    "recall": 0.955607476635514,
                    "f1-score": 0.936462507155123,
                    "support": 856.0
                },
                "positive": {
                    "precision": 0.8245614035087719,
                    "recall": 0.7642276422764228,
                    "f1-score": 0.7932489451476793,
                    "support": 246.0
                },
                "accuracy": 0.8970718722271517,
                "macro avg": {
                    "precision": 0.7892103294150078,
                    "recall": 0.6399450396373122,
                    "f1-score": 0.6775805851110351,
                    "support": 1127.0
                },
                "weighted avg": {
                    "precision": 0.8911576484448883,
                    "recall": 0.8970718722271517,
                    "f1-score": 0.8911507579475351,
                    "support": 1127.0
                }
            }
        },
        "delivery": {
            "metrics": {
                "accuracy": 0.8873114463176575,
                "precision_macro": 0.7766659610664916,
                "recall_macro": 0.7829336750902609,
                "f1_macro": 0.7783459584708305
            },
            "confusion_matrix": [
                [
                    23,
                    13,
                    2
                ],
                [
                    18,
                    712,
                    31
                ],
                [
                    2,
                    61,
                    265
                ]
            ],
            "classification_report": {
                "negative": {
                    "precision": 0.5348837209302325,
                    "recall": 0.6052631578947368,
                    "f1-score": 0.5679012345679012,
                    "support": 38.0
                },
                "neutral": {
                    "precision": 0.905852417302799,
                    "recall": 0.9356110381077529,
                    "f1-score": 0.9204912734324499,
                    "support": 761.0
                },
                "positive": {
                    "precision": 0.889261744966443,
                    "recall": 0.8079268292682927,
                    "f1-score": 0.8466453674121406,
                    "support": 328.0
                },
                "accuracy": 0.8873114463176575,
                "macro avg": {
                    "precision": 0.7766659610664916,
                    "recall": 0.7829336750902609,
                    "f1-score": 0.7783459584708305,
                    "support": 1127.0
                },
                "weighted avg": {
                    "precision": 0.8885156373662575,
                    "recall": 0.8873114463176575,
                    "f1-score": 0.8871107244958799,
                    "support": 1127.0
                }
            }
        },